old_path	new_url
/rw_user_guide/	https://docs.renalware.com/user-guide
/rw_user_guide/index.html	https://docs.renalware.com/user-guide
/rw_user_guide/CHANGELOG.html	https://docs.renalware.com/user-guide/changelog
/rw_user_guide/docs/letters-clinic-visit-letters.html	https://docs.renalware.com/user-guide/letters/clinic-visit-letters
/rw_user_guide/docs/letters-electronic-letter-transmission.html	https://docs.renalware.com/user-guide/letters/electronic-letter-transmission
/rw_user_guide/docs/letters-letters-for-printing.html	https://docs.renalware.com/user-guide/letters/letters-for-printing
/rw_user_guide/docs/nav-directory.html	https://docs.renalware.com/user-guide/navigation/directory
/rw_user_guide/docs/nav-left-gutter.html	https://docs.renalware.com/user-guide/navigation/left-gutter
/rw_user_guide/docs/nav-main-menu.html	https://docs.renalware.com/user-guide/navigation/main-menu
/rw_user_guide/docs/nav-quick-search.html	https://docs.renalware.com/user-guide/navigation/quick-search
/rw_user_guide/docs/nav-worryboard.html	https://docs.renalware.com/user-guide/navigation/worryboard
/rw_user_guide/docs/pat-fxns-clin-summ.html	https://docs.renalware.com/user-guide/patient-functions/clin-summ
/rw_user_guide/docs/pat-fxns-clinical_profile.html	https://docs.renalware.com/user-guide/patient-functions/clinical-profile
/rw_user_guide/docs/pat-fxns-prescriptions.html	https://docs.renalware.com/user-guide/patient-functions/prescriptions
/rw_user_guide/docs/pat-fxns-problems.html	https://docs.renalware.com/user-guide/patient-functions/problems
/rw_user_guide/docs/pat-fxns-timeline.html	https://docs.renalware.com/user-guide/patient-functions/timeline
/rw_user_guide/docs/renal-access.html	https://docs.renalware.com/user-guide/renal/access
/rw_user_guide/docs/renal-akcc.html	https://docs.renalware.com/user-guide/renal/akcc
/rw_user_guide/docs/renal-hd.html	https://docs.renalware.com/user-guide/renal/hd
/rw_user_guide/docs/renal-pd.html	https://docs.renalware.com/user-guide/renal/pd
/rw_user_guide/docs/renal-profile-screen.html	https://docs.renalware.com/user-guide/renal/profile-screen
/rw_user_guide/docs/renal-transplant.html	https://docs.renalware.com/user-guide/renal/transplant
/rw_user_guide/docs/the-dashboard.html	https://docs.renalware.com/user-guide/dashboard
/rw_user_guide/docs/the-letters-module.html	https://docs.renalware.com/user-guide/letters
/rw_user_guide/docs/the-nav-and-searching.html	https://docs.renalware.com/user-guide/navigation
/rw_user_guide/docs/the-patient-functions.html	https://docs.renalware.com/user-guide/patient-functions
/rw_user_guide/docs/the-renal-module.html	https://docs.renalware.com/user-guide/renal
/rw_user_guide/docs/the-snippets.html	https://docs.renalware.com/user-guide/snippets
/rw_user_guide/docs/the-user-registration.html	https://docs.renalware.com/user-guide/user-registration
